emoji,description
ğŸ†’,"A blue square with ""cool"" written on it, symbolizing something trendy, impressive, or generally positive. It conveys a laid-back or approving attitude, often used in casual conversations. Associated with positive sentiment."
ğŸ„,"A decorated Christmas tree, representing the holiday season, celebration, and festive spirit. Itâ€™s generally used in positive contexts relating to Christmas, joy, and family gatherings."
ğŸ‘Œ,"A hand making the ""OK"" gesture, signifying approval, agreement, or that something is perfect. This emoji is often used to express satisfaction and is typically associated with positive sentiment."
ğŸ…,"Santa Claus, a symbol of Christmas, gift-giving, and joy, evoking a strong association with happiness, generosity, and the festive season. Mostly used in positive contexts related to the holidays."
ğŸ‘¾,"An alien monster emoji, often linked to video games or something strange or unusual. It can be used playfully, but sometimes conveys weirdness or unfamiliarity. Neutral, but can lean positive in a playful context."
ğŸŒ,"A banana, usually representing the fruit itself, but it can also be used humorously or suggestively in various contexts. This emoji is neutral but often appears in light-hearted or playful messages."
ğŸ˜,"A beaming smile with clenched teeth, expressing excitement, enthusiasm, or happiness. It is generally used in a positive context to show extreme delight or amusement."
ğŸ¾,"A champagne bottle popping open, symbolizing celebration, success, or a festive occasion. Itâ€™s strongly tied to positive emotions, like achieving milestones or special events."
ğŸ’”,"A broken heart, signifying emotional pain, heartbreak, or deep sadness. It is often used in negative contexts when discussing loss, grief, or disappointment."
ğŸ‘,"Two hands clapping, used to show applause, approval, or appreciation. Itâ€™s commonly used in positive contexts to congratulate or praise someone."
ğŸ¤¡,"A clown face, often used humorously to represent foolishness, but can also indicate mockery or ridicule. Depending on the context, it can be neutral or lean toward negative sentiment, especially when implying someoneâ€™s behavior is foolish or deceptive."
ğŸ˜¢,"A face shedding a single tear, expressing sadness, disappointment, or emotional pain. This emoji conveys negative emotions and is used when discussing unfortunate or sorrowful situations."
ğŸ•Š,"A white dove, representing peace, freedom, and hope. It often appears in positive or neutral contexts, particularly when discussing peace, harmony, or spirituality."
ğŸ˜¡,"A red angry face, showing intense frustration or anger. Itâ€™s clearly a negative reaction, often used when someone is upset, annoyed, or enraged."
ğŸ¤¯,"A face with an exploding head, indicating shock, disbelief, or mind-blowing realization. It can be used in both positive and negative contexts depending on the type of surpriseâ€”either astonishment or frustration."
ğŸ‘€,"A pair of eyes, symbolizing looking, watching, or paying attention. Itâ€™s neutral by itself but can be used to indicate curiosity, gossip, or simply observing something interesting or suspicious."
ğŸ˜˜,"A face blowing a kiss, commonly used to express love, affection, or gratitude. It is strongly associated with positive emotions, particularly in romantic or close relationships."
ğŸ˜±,"A face screaming in fear, representing shock, horror, or extreme surprise. This emoji is generally used in negative contexts when discussing frightening or alarming situations."
ğŸ¤®,"A face vomiting, indicating disgust, revulsion, or physical illness. It conveys a negative sentiment, often used when reacting to something unpleasant or sickening."
ğŸ¤¨,"A face with a raised eyebrow, expressing skepticism, confusion, or mild disapproval. It is neutral but can shift toward negative depending on context, especially if questioning or doubting something."
ğŸ¤¬,"A face with symbols over the mouth, indicating swearing or extreme anger. This emoji conveys strong negative emotions, often used in moments of frustration, anger, or rage."
ğŸ˜¨,"A face with wide eyes and a frown, representing fear, anxiety, or worry. It is associated with negative emotions, often used when someone is scared or nervous."
ğŸ”¥,"A flame, symbolizing something exciting, trendy, or ""on fire"" in a positive sense, but can also be used in dangerous or destructive contexts. Itâ€™s versatile, generally positive in slang, but context-dependent."
ğŸ™,"Two hands pressed together in a praying gesture, representing prayer, gratitude, or a plea. It is usually used in positive or neutral contexts, often expressing hope, thanks, or a request for help."
ğŸ‘»,"A ghost, often used in a playful or spooky context. It is neutral but can be used humorously or to symbolize something mysterious or strange."
ğŸ¤,"Two hands shaking, representing agreement, partnership, or unity. This emoji is associated with positive feelings of cooperation, collaboration, or reaching an understanding."
ğŸ™‰,"A monkey covering its ears, representing avoidance or refusal to listen to something. Itâ€™s neutral but can imply someone doesnâ€™t want to hear bad news or negativity."
ğŸ’˜,"A heart with an arrow through it, symbolizing romantic love or infatuation. This emoji is strongly associated with positive emotions, particularly in the context of love and relationships."
âš¡,"A lightning bolt, symbolizing power, speed, or suddenness. It is neutral but often used in dynamic or energetic contexts, depending on the conversation."
ğŸŒ­,"A hotdog, usually used to represent casual food or something fun and light-hearted. This emoji is neutral and often appears in playful or humorous contexts."
ğŸ’¯,"A red ""100"" symbol, meaning something is perfect, complete, or excellent. It is strongly associated with positive emotions, especially when expressing agreement or enthusiasm."
ğŸƒ,"A carved pumpkin, symbolizing Halloween, spookiness, or celebration. It is generally neutral or positive, depending on the context, often related to festive occasions."
ğŸ’‹,"A pair of lips, usually indicating a kiss, affection, or romantic feelings. Itâ€™s strongly associated with positive emotions, particularly in romantic contexts."
ğŸ˜­,"A face crying heavily, expressing deep sadness, grief, or overwhelming emotion. This emoji is used in negative contexts to convey heartache or sorrow."
ğŸ–•,"A middle finger gesture, used to express anger, disrespect, or strong disapproval. Itâ€™s clearly a negative symbol, used in moments of frustration or offense."
ğŸ—¿,"A Moai statue head, symbolizing ancient culture, stoicism, or strength. Itâ€™s neutral but can be used humorously or as a symbol of silence or steadfastness."
ğŸ’…,"A hand painting its nails, representing confidence, self-care, or sassiness. It is often used in a positive or playful context, showing relaxation or nonchalance."
ğŸ¤“,"A nerdy face with glasses, used to represent intelligence, awkwardness, or geekiness. This emoji is neutral but often used humorously or self-deprecatingly."
ğŸ˜,"A neutral face, showing indifference, boredom, or lack of strong emotion. It is neutral and often used in mundane or non-expressive contexts."
ğŸŒš,"A moon with a dark face, symbolizing night, mystery, or humor. It is neutral but often used playfully or in a slightly eerie context."
ğŸ‰,"A party popper, symbolizing celebration, excitement, or a festive event. Itâ€™s a strongly positive emoji used when celebrating achievements or happy moments."
ğŸ¤·,"A person shrugging, indicating confusion, indifference, or not knowing. It is neutral but can be used in situations where the outcome is unclear or someone has no opinion."
ğŸ’©,"A smiling pile of poop, often used humorously to represent something bad or messy in a light-hearted way. It can be neutral or negative, depending on context, but usually appears in playful messages."
ğŸ’Š,"A pill, representing medicine, health, or recovery. It is neutral but often used in contexts relating to health or well-being."
â¤,"A classic red heart, symbolizing love, affection, and warmth. It is one of the most positive emojis, representing deep emotional connection and care."
ğŸ¤£,"A face laughing so hard itâ€™s crying, used to express extreme amusement or something hilariously funny. It is strongly positive and often used in light-hearted, funny contexts."
ğŸ™ˆ,"A monkey covering its eyes, representing avoidance, shyness, or embarrassment. Itâ€™s neutral but can lean positive when used playfully."
ğŸ˜´,"A sleeping face, representing tiredness, boredom, or rest. It is neutral and often used to show fatigue or disinterest."
ğŸ˜‡,"A smiling face with a halo, symbolizing innocence, goodness, or virtuousness. It is typically used in a positive or playful manner to indicate someoneâ€™s ""good"" behavior."
ğŸ˜,"A smiling face with heart-shaped eyes, expressing love, admiration, or infatuation. It is a strongly positive emoji used in romantic or affectionate contexts."
ğŸ¥°,"A smiling face with hearts around it, representing love, warmth, or adoration. It is a positive emoji used to express deep affection and happiness."
ğŸ˜ˆ,"A smiling face with devil horns, representing mischievousness or playful wickedness. It can be positive or neutral, depending on context, often used in a playful or teasing manner."
ğŸ¤—,"A smiling face with open hands, representing offering a hug, care, or warmth. It is a positive emoji used to show affection, support, or comfort."
ğŸ˜,"A smiling face with sunglasses, representing confidence, coolness, or nonchalance. It is generally positive and often used to show relaxed or confident behavior."
â˜ƒ,"A snowman, representing winter, snow, or Christmas. It is neutral to positive, often appearing in festive or cold-weather-related messages."
ğŸ™Š,"A monkey covering its mouth, representing keeping a secret or shock. It is neutral but often used in playful or surprised contexts."
ğŸ³,"A blue whale, representing marine life or something big and majestic. It is neutral but often appears in contexts related to the ocean or animals."
ğŸ¤©,"A smiling face with starry eyes, representing excitement, awe, or admiration. It is a strongly positive emoji, used to express being impressed or overwhelmed with joy."
ğŸ“,"A ripe strawberry, representing the fruit itself or something sweet. It is neutral to positive, often used in playful or food-related messages."
ğŸ¤”,"A thinking face, representing contemplation, curiosity, or doubt. It is neutral but often used in contexts where someone is questioning something or trying to figure something out."
ğŸ‘,"A thumbs-down gesture, symbolizing disapproval, dislike, or rejection. It is clearly a negative emoji used in contexts where someone disagrees or dislikes something."
ğŸ‘,"A thumbs-up gesture, symbolizing approval, agreement, or positivity. It is strongly positive and often used to show support or satisfaction."
ğŸ†,"A trophy, representing victory, success, or achievement. It is a positive emoji used to celebrate accomplishments or triumphs."
ğŸ¦„,"A unicorn, symbolizing fantasy, uniqueness, or magic. It is neutral to positive and often used in playful or whimsical contexts."
ğŸ¥´,"A woozy face, indicating confusion, dizziness, or discomfort. It leans toward negative, often used to show that someone feels overwhelmed or sick."
âœ,"A hand writing with a pen, representing writing, signing, or creating something. It is neutral but often used in professional or task-related contexts."
ğŸ¥±,"A yawning face, indicating tiredness, boredom, or sleepiness. It is neutral to negative and often used to show disinterest or fatigue."
ğŸ¤ª,"A crazy face with a tongue sticking out, representing silliness or eccentricity. It is generally positive in tone, used to convey playful madness or energetic excitement."
